"","%IncMSE","IncNodePurity"
"HOSPITALIZATION",3.23314405094993,29429.0526076047
"ORDINAL_AGE",0.305240399359121,5012.23187892835
"ELECTIVE",0.191690978259395,1835.32570296392
"EMERGENCY",0.228630900907381,1620.93251548768
"NEWBORN",0,0.792479876963489
"URGENT",0.0943458778402859,1676.41507342665
"Government",0.00123620398033306,320.536326002547
"Medicaid",-0.029199136051568,2072.10112659078
"Medicare",0.17131381206672,1549.21128085006
"Private",0.204473992997767,1781.14846045669
"Self.Pay",-0.00374605067380904,193.301369096939
"DIVORCED",0.00813799726256531,954.676468772792
"LIFE.PARTNER",0,1.69522634028981
"MARRIED",0.0507760291728127,1715.11265983455
"NAN",-0.00774838025921876,558.662921197011
"SEPARATED",-0.0112564616189466,448.511400094753
"SINGLE",-0.0428076232524181,1405.70841207268
"UNKNOWN",0.00400691717567754,572.005481436766
"WIDOWED",0.0996021174217312,988.705308121568
"GENDER",0.0198447185528233,1722.32500709017
"X3",0,1.04768690193187
"X4",0,0.103576719896429
"X5",0,8.26531901073888
"X7",0,58.8209777386021
"X8",0.401887462963974,6641.47321411346
"X9",0.000618411540985729,18.39814356708
"X10",0,609.665451394973
"X11",0.00278589510857055,83.1407662004327
"X12",0,14.5081448752072
"X13",2.96182069725899e-05,2.54467758375119
"X14",0,2.78825417719033
"X18",0.00387180549143007,639.431795059391
"X27",0.000215271651905309,49.7331766730304
"X31",-2.89379215306554e-05,10.8571753466311
"X32",6.42888934434101e-05,6.08784083465675
"X34",0,0.356356014505564
"X35",0,0.541161733619963
"X38",2.11738147927239,15493.338264217
"X39",4.68020568925754e-06,172.489715250341
"X40",0.000518249064963447,87.6937650622971
"X41",0.411632638449178,6968.12128101715
"X42",0.00826408122295437,356.749356338791
"X46",0,413.348368029569
"X47",-0.00367783798737691,57.8130781862655
"X48",0,0.193569197408029
"X49",1.43200527868604e-05,2.29395624651202
"X52",0.00275500290228209,115.394942443765
"X53",-0.00519742339543474,130.343444809085
"X54",0.074603442799225,1766.9204379274
"X57",0,0.166640783691869
"X58",0,5.61354999804859
"X66",0,0.475567678361615
"X70",-0.0202501344573246,923.821578936125
"X75",0,1.31989263963615
"X78",0.0146166521119066,527.926282950082
"X79",0.00541740684247492,416.001574918613
"X82",0,0.467051942386878
"X86",0,0.324678483933785
"X88",-8.37333811033624e-05,13.5515928456853
"X94",4.35500847829829e-05,22.0131875712502
"X96",0,0.206997351250028
"X97",0,9.9040474964803
"X110",0.00515955664242317,816.370208319234
"X111",0.000137718865596098,16.6791567662115
"X112",0.721097520035912,9438.82984198524
"X117",0.107812725440172,2901.00893292299
"X120",0,1.22249521824219
"X121",0,0.402694577536142
"X127",0.000166589421645554,106.512227399935
"X130",1.04912794747844e-05,0.89119409496729
"X131",0,0.752622668860299
"X135",0.0174248790312528,407.630945358101
"X136",0.00278118857498796,154.429777363706
"X137",0,4.30305458219741
"X138",0.00263162959332172,130.666520694246
"X139",0,3.57332404179048
"X140",1.10478904368101e-06,5.98901838017296
"X141",0,1.70514827947263
"X142",0,0.0279945824639003
"X144",-0.00016375009908857,9.46473470257307
"X145",-8.13002527483895e-06,1.86260461544963
"X146",0,0.313081616248123
"X147",0,1.06951097535575
"X148",2.95976856821635e-05,2.46400211288247
"X149",0,1.06679964284886
"X150",0.000675482340349639,59.1976323562341
"X151",0.0040535407456485,141.469835904636
"X152",-2.42237452908468e-05,3.00297184720567
"X153",-0.00677701888910021,168.547164329771
"X154",0.000397323090630553,26.1748834133198
"X155",-0.00294062087386441,371.587111143412
"X156",-0.00292284800035696,84.4170092695197
"X157",0.00473346105980751,94.3481302776229
"X158",7.0417859843304e-06,1.52172935289532
"X159",0,1.13651314023725
"X161",-0.000168289069991531,12.7356647357093
"X162",-0.00424430333762854,502.65802030905
"X163",8.73916457301014e-07,1.67915268976131
"X164",0,9.71863630534216
"X171",-1.48795496805598e-07,4.96462085833795
"X172",5.76522310049651e-05,21.6984732063273
"X173",-0.00368492065957839,107.245694010186
"X174",-0.00144439551793301,184.932329604254
"X175",0,1.37411534006524
"X176",0,0.10184480514902
"X180",0,0.0146592692348149
"X182",0.000129702494277724,17.2109086667098
"X183",0.000377403049978375,21.4638912682493
"X184",2.03162835480735e-05,16.7178768120738
"X185",-0.00299146522863261,71.7061727585925
"X186",0,0.400060564061574
"X187",-8.46936240249492e-05,9.95773827098895
"X188",0.00283883932716294,37.7249440125607
"X189",-0.000989464049956046,123.302190082657
"X191",-0.000548302821218618,51.2451811078534
"X192",2.50141725087143e-05,0.387173072740384
"X193",0.000465702309087595,240.404371605999
"X194",0,4.46470314269598
"X195",-1.58171173863981e-05,3.53045849637934
"X196",0.00476451996210832,140.101610280299
"X197",0.0244381813694703,544.05658405854
"X198",0.0119591569626452,311.975260465831
"X199",0.00328197625414181,44.0013100934271
"X200",0.00174720848947545,73.1287546671224
"X201",-0.00121933177217731,27.2435017766648
"X202",0.00106506372518495,148.792901660686
"X203",0.0107320837252069,207.041274077667
"X204",-0.00186979035308413,127.133901507823
"X205",-0.00349243387544212,216.270888717592
"X207",0,1.26228756251143
"X208",-1.66557222893273e-05,0.629109161407049
"X209",-5.47585777343902e-05,17.5733278290205
"X210",-1.17793541451539e-06,15.2465640524986
"X211",0.0096499826805517,377.483323775026
"X212",-0.00309896628582652,97.4700226072505
"X213",0,0.503028447193466
"X214",0.000114183402290911,17.8974261870998
"X215",0.000501874822574854,99.5237770320127
"X216",4.30321614813094e-06,4.84292734996421
"X217",0,0.330772122702562
"X218",0.000492387818334017,21.4006678674935
"X220",0.000137174958895718,6.81943627554782
"X221",0,1.27443452797771
"X223",0,0.47314942346799
"X225",-0.000653847726193011,70.1886576217457
"X226",0,0.657296428963272
"X227",-0.000360824203542229,90.6274806742777
"X228",-0.000250030430733265,60.5501465083929
"X229",0,1.02127272936934
"X230",-5.52641677617429e-05,8.36518722822641
"X232",0,1.87779393476702
"X233",0.000157444768342521,26.4347145804213
"X235",-0.000249965363399004,14.6313623414648
"X236",0,2.97642416722431
"X237",-0.00057528834435584,57.0450167666379
"X238",-0.0253257319358771,577.604658729556
"X239",-0.00522412776915108,113.333054362239
"X240",-0.000256253488213873,241.884453731484
"X241",0.000453946649507093,269.909654106623
"X242",-0.000963288057232922,761.671704368447
"X244",0.0164770874460805,1707.17201842137
"X245",0.0126012263265382,631.391517071606
"X246",0.00311708164859095,33.1008933739813
"X249",0.0076073074945299,369.637184966844
"X250",0,0
"X251",0.0435085629615933,973.23716542901
"X252",0.000988208463269357,257.04158359968
"X253",0.0135837183350468,1417.40625467023
"X254",2.83028315150399e-05,18.5005452111238
"X255",0.0422623995975806,2738.05652649128
"X256",5.86954990805979e-07,2.03256793701942
"X257",0.00155936143995988,839.504255269611
"X258",0.000750140724236553,15.8625966763197
"X259",6.68586557785129e-05,6.23459335968744
"X261",0.012081970679825,313.567387125992
"X262",0.0045096281492186,59.7508506810332
"X263",0.179479548029907,4935.03947248344
"X265",0.000215999770406832,112.307649410031
"X266",-0.00466998264242815,201.665735483502
"X268",-0.00285954052548956,176.81869314372
"X269",0.00255681268661512,35.2916985021894
"X270",3.57374627141126e-05,9.46176982408789
"X271",-0.000382003717275591,39.8910446219216
"X272",0.0706251423691726,1624.45445772499
"X273",-0.000667311425209445,563.515002687713
"X274",0.0217757223966009,911.277525362455
"X275",0.00946355628372556,1751.1047793313
"X276",0.39070923624925,6008.70958636531
"X277",-0.00465369187557189,119.599951126713
"X278",0.0573747550328865,1625.03244328831
"X279",-0.000160627354028422,250.473226547231
"X280",-0.00289889826495035,2184.33830239875
"X281",-0.00371881244395503,163.526199524652
"X282",-0.00819418331546163,340.803007952949
"X283",0.0056297007019541,325.666110843148
"X284",0.090975614473375,1926.10187350759
"X285",0.277063895650753,4653.8618878455
"X286",0.132413397082919,3363.14664239337
"X287",0.195327812700434,3933.41606737547
"X288",0.0130245682072217,857.115936684704
"X289",0.0299910296687861,1075.62738048966
"X290",-0.0158842290829359,409.843427655257
"X291",0.0385272823784292,552.669862684768
"X292",-0.00664421607563437,349.138548317417
"X293",0.0301174519209272,2405.01159521407
"X294",0.00260608390945205,648.454581834522
"X295",0.0111756139871845,576.706670861441
"X296",-0.007746617758764,592.963331474918
"X297",0.00145309751114506,31.8101207166704
"X298",-0.000284536367819917,42.4187763086985
"X299",-0.00146629009189133,24.4854162346311
"X300",-0.0471871960925488,1096.79796574708
"X301",0.00156382551886868,133.160594180068
"X303",0.00633515354770232,904.170916479698
"X304",0.0236575610039162,794.187403965349
"X305",0.00907070339607116,1154.6673197237
"X306",-0.000462945836767458,43.9582742480677
"X307",0.00748063861698275,213.777617745431
"X308",0.000252821273867601,19.4651691771614
"X309",0.024127206139151,589.948341631723
"X310",-0.000603569364501082,34.6037111178482
"X311",-0.0196952033372981,1054.63731340399
"X312",-9.30757551315013e-05,108.298187066223
"X313",0,1.09823129141478
"X314",-0.00131688027182757,47.2032906635549
"X315",0.000429073896907775,18.8424880005265
"X317",-0.00697801209000625,158.095475219106
"X318",-1.78864570252882e-05,30.9627830423884
"X319",-0.00575931264954878,664.552685259443
"X320",0.00571777308262075,424.356491690678
"X321",0.00479485728338952,857.113932543313
"X322",0.0144566422391356,356.8042009417
"X323",-0.000775290486602029,54.5710390980157
"X324",0.0390295756621257,592.676617847863
"X325",-0.00100616606805978,64.7796438043593
"X327",-0.0149738916092578,1689.00521799697
"X331",0.0373257872154683,1075.35157612187
"X332",-0.00354901043639185,348.233349943462
"X333",0.000931373044469597,1045.00864557426
"X334",-6.17782554611475e-05,5.83040219861836
"X335",-0.000129948812697753,8.90542543466533
"X336",0.00677591701320443,1159.4522632508
"X337",-0.0290755438759037,620.371847718223
"X338",0.0139784590345558,653.227318808922
"X339",-8.97953502253034e-07,11.028892900865
"X340",0.0128075953419638,234.744174242917
"X341",-3.53769513213515e-05,13.5312262697118
"X342",-0.0179956405014307,731.543188122077
"X343",0.00035911828826814,35.4378103238123
"X344",0.031753390282877,898.071337490374
"X345",-0.000116922590134662,2065.22455217818
"X346",-0.000550043786100898,199.307929287984
"X347",1.26517062843695e-05,2.56599535071792
"X348",0.151287020588977,3247.89959258533
"X349",0.0334158337265672,1849.93399482945
"X350",-1.46296087852738e-05,13.3286818460269
"X351",0.00043297872965428,158.828908905221
"X352",0,0.0443685229573984
"X353",0.00561349351549321,110.602624458202
"X354",-0.00600795433593036,223.068730058975
"X355",0.00271848871810529,368.718438596945
"X356",0.0115002653932999,367.916672828003
"X357",0.0067365444512142,1164.35495343353
"X358",0.000356886630723971,323.559326570159
"X359",0.0423524618648905,1277.93773568319
"X360",-0.0118937203860679,732.126700299435
"X361",-0.0254525091134,1092.24572062553
"X362",0.0169096868497709,966.565891547701
"X363",0,3.65187713855763
"X364",0.00178767378250077,104.727180568991
"X365",0.00562873711670099,546.222160446039
"X366",-0.0136680744664608,493.934980403757
"X367",0,0.787382045251897
"X368",-0.000680274689721826,107.062950756942
"X369",-0.000687013385467924,610.175024324455
"X370",0,15.9897183392605
"X371",0.0264828642649664,1036.34600968003
"X372",0.0272988045118637,489.920079901769
"X373",4.66758998142485e-05,8.68192822406474
"X374",-0.00178822516249026,64.6798870411274
"X375",-0.000140407977794695,59.353130772656
"X376",4.30392617942455e-05,77.1914820797781
"X377",-0.00339048101544786,459.596951950273
"X378",-0.00408867826729533,771.558146183515
"X379",0.00276085678731895,177.352098841203
"X380",0.000364009150793411,67.2477537848923
"X382",2.48189924833078e-05,9.33035262284399
"X383",2.81822809795845e-05,3.81858128420048
"X385",0.000199729444564009,14.9753734951706
"X386",0.000253842198519545,21.0726107305051
"X387",0,0.241525341792799
"X388",-5.7329906530316e-06,6.65044200545186
"X389",0.070707442407222,1912.34493308085
"X390",0,1.1081932503103
"X391",0,1.06419057092534
"X394",-0.00310580731343455,255.541987450811
"X395",0.0091733847533016,117.712460727263
"X396",0.0593458609382878,1215.90889030123
"X397",0.0671750634021242,1183.81974971834
"X398",-0.0105819647788847,1748.82957973289
"X401",0.0256735827929046,1930.19387053331
"X402",0.00207110414398891,91.7170860767996
"X403",0.253753684782594,2924.85618281663
"X404",-0.0162831287904467,477.496349080956
"X405",-0.00345644471531326,163.155519103885
"X410",0.165306933489426,1952.49831428219
"X411",0.0132583596601558,523.554839844537
"X412",0.0240379262235403,1058.5956219166
"X413",0.027898383591933,371.182335699903
"X414",0.0715391331329001,1600.26799833074
"X415",0.0104559174816755,623.593693824771
"X416",0.0718215431379468,2765.43845497479
"X417",-0.00161542911338863,100.163334671588
"X420",-0.00329579484394435,139.304698615017
"X421",0.0941529675604759,2581.74519214086
"X422",9.36172522123535e-09,4.00746729555992
"X423",0.0346262900765208,1721.45227495315
"X424",0.0901199548767355,1624.63013794221
"X425",0.0523987269534961,1438.68161835226
"X426",-0.0080022243234267,544.416362928049
"X427",0.365307201118195,4331.03581712029
"X428",0.455423781867078,4859.88233781003
"X429",0.00975908804612537,308.321576130592
"X430",0.0990039506110683,1185.54597330916
"X431",0.0938216302431261,1325.44388378971
"X432",0.0144588261809258,503.31268028017
"X433",0.00641485354334416,503.239691046636
"X434",0.0439014391417589,1570.89719689662
"X435",0.00455151979947916,459.209349562898
"X436",0.000407375104356663,49.0146887118415
"X437",-0.0180092106565709,495.179222177625
"X438",0.0918313287394501,1706.3301018624
"X440",0.0644497011309988,1365.07788284539
"X441",0.0109434594453929,610.201742718239
"X442",0.00147451145476473,702.01968267551
"X443",-0.008113957997925,1063.68130981603
"X444",0.0388855599238462,1607.87505435958
"X445",0.000159893617570901,15.0813507271705
"X446",-0.000363084805215323,476.292010187992
"X447",-0.00375465896076108,432.981054036131
"X448",0.000109686973116368,11.9561953310454
"X449",0.0017748652592578,258.966034691503
"X451",0.016070091346709,377.178588505561
"X452",0.00924601887991903,376.140853761723
"X453",0.0605817103098259,2922.14718743173
"X454",-0.000361716403246649,9.5679201610347
"X455",0.00137267091826122,527.119824009688
"X456",0.0270360830042287,652.831681272526
"X457",-0.0161304262125923,1007.00067193362
"X458",0.086651142606397,2749.81005267084
"X459",0.0110537132112291,1352.68493423011
"X461",0.0116634320594049,829.440548538673
"X462",-0.000285363614192006,40.3228217694423
"X463",0,2.2850944965395
"X464",-0.0126028298726027,683.679749050183
"X465",0.00150444665312974,288.759104313184
"X466",0.0674756609835955,1461.41667648314
"X471",-0.000575458289227618,97.1729983876196
"X472",1.05526057241299e-05,2.86616275936939
"X473",0.0517798845162421,1534.96574633273
"X475",0.000410994985355939,29.0852363766735
"X477",-0.00114644669447418,32.8230845411866
"X478",0.0618749727940174,1499.45364397287
"X480",0.00871796910814484,744.615073207159
"X481",0.0353758661702089,546.909570414286
"X482",3.74144813659203,30630.7807576179
"X483",0.0565950443173525,1669.81882495266
"X484",0.0769168935086623,2474.01134173969
"X485",-0.00352110717812473,170.37501484323
"X486",0.496568239954959,6408.58352747183
"X487",0.033942723572733,705.559436879035
"X488",0.0055778770015922,114.618076433298
"X490",-0.00319368695624245,347.766915954991
"X491",0.086245043024948,1278.15123271988
"X492",0.00650277578933812,357.776149088671
"X493",0.0164550557193839,1588.14597267345
"X494",0.00272113909177303,582.522430933945
"X495",-5.15917929981634e-05,22.2128601180946
"X496",0.116473567329513,1872.53986860437
"X500",0,1.9543924090604
"X501",-0.000785112819365106,118.15337074179
"X502",0,1.98776823945865
"X506",-0.000810433115203569,53.9098222620657
"X507",0.51612057941344,6475.48472782471
"X508",-0.00240231032033348,92.5640755533646
"X510",0.0612514770156059,1381.73152998517
"X511",0.562160162095386,9289.49220679249
"X512",0.193869029260571,2570.20043638763
"X513",0.0283619794480644,465.275825560505
"X514",0.0103624709255634,2591.69670322645
"X515",0.01098638697089,1088.6477700653
"X516",0.0629918162175612,1075.09415566867
"X517",0.00325184838839341,331.803088457866
"X518",4.55088992689466,30283.8116935495
"X519",0.629035365071928,7848.58674669961
"X520",0,0.0538660958266316
"X521",0.00249663928592564,134.209315516625
"X522",-0.0447958897245508,1634.38747612869
"X523",2.71278512670182e-05,104.233468745974
"X524",0.000198017630681859,21.001084757958
"X525",0.00511153406441076,141.348834071933
"X526",-9.41578603703939e-05,24.7418124602893
"X527",0.00131397762162653,49.8297732836618
"X528",-0.000662407027914095,298.721940925111
"X529",0.00023772967209414,34.6684381218693
"X530",0.0140556993089791,1389.64776768003
"X531",0.00704668360927421,792.614649526057
"X532",0.00633902540261643,560.456920375474
"X533",-0.00498320854178245,127.519985500816
"X534",-0.000146223827558246,10.4632090890199
"X535",-0.0744703011064241,1656.36358191592
"X536",0.0626011295955273,2592.16125531758
"X537",-0.013487743073141,1248.57391802321
"X538",0,0.669134309571034
"X540",-0.00772261233961779,330.364799398437
"X541",0,0.586998064786346
"X542",-7.07236319075257e-05,243.215953075484
"X543",0,9.75117825945106
"X550",0.00426616396886374,448.682087398613
"X551",0.00124580426893662,73.5093941780438
"X552",0.00636756297476833,918.731289010732
"X553",0.0150972929599339,1117.20404894827
"X555",-0.000348449997232122,188.115188432799
"X556",-0.0175273564302321,321.620147859099
"X557",-0.0395957481238271,3289.1675306151
"X558",0.00483204972527969,528.870867154828
"X560",0.0565825630423665,2716.23461605834
"X562",-0.122322183074162,1555.95297582729
"X564",-0.0164405988914885,962.112268326757
"X565",1.81453484680202e-05,12.8523807232823
"X566",0.00011816311315443,226.150258673757
"X567",0.252869891680669,5198.32635502486
"X568",-0.0386536334154549,1254.48548900858
"X569",0.0626766066756038,3415.85904785094
"X570",0.135922226388672,2396.74060454507
"X571",0.0211259913288394,1091.06960481868
"X572",0.0583789220453611,1474.28158418875
"X573",-0.0101304541361392,896.008022864346
"X574",-0.00341538399454545,1818.86932214583
"X575",0.0597390871441743,1512.91757201595
"X576",0.0218151267363473,1277.10960317501
"X577",0.180120144246107,4265.41122909226
"X578",0.0902908866532041,2798.11074292197
"X579",-7.44966393908314e-06,287.949253218695
"X580",0.00124873944816602,111.236152116425
"X581",-4.06196426715493e-05,35.4736125993236
"X582",0.00011993809261132,68.5678755810524
"X583",0.0351085992941888,1213.82217510255
"X584",0.74004763555226,8731.7148616081
"X585",0.359907316813619,2316.20801949729
"X586",0.000100620143341073,9.70124308752565
"X587",0.00044479647997607,31.6029654217113
"X588",-0.00844266507095007,698.070179021003
"X590",-0.00276284546058959,385.682209869667
"X591",0.000597313622099298,192.361115768767
"X592",0.00215265995792962,260.593048254658
"X593",-0.00129616559266995,1476.61820003667
"X594",-0.00201441733922167,134.46764896772
"X595",0.0012296782357727,104.393573738801
"X596",-0.0370571497988988,548.119181259194
"X597",6.2095794390944e-05,9.21845242125834
"X598",0.000692906913458156,73.8568643776983
"X599",0.336606844388869,7862.80074271139
"X600",0.00219744410268947,610.08639940755
"X601",4.28185284548398e-05,6.95096259953018
"X602",0,5.05305883564868
"X603",-0.000492382947570275,59.1685893176087
"X604",0.000796342233968682,41.470436889304
"X605",-0.00215230875461779,301.17713320775
"X607",0.00746455424541773,578.107812570943
"X608",0.00620309791674701,193.566870392879
"X611",0.00323476238621747,27.5660504493462
"X614",-0.00939673235841567,233.453434862755
"X615",0,0.883999985242495
"X616",0.00748742890685092,238.051257728489
"X617",0,3.21051661964037
"X618",-0.000597742752566858,102.724215374382
"X619",-9.97399683652232e-05,13.3100207460222
"X620",0.00385869939385652,285.65470425606
"X621",2.88956104167694e-05,6.7814449994141
"X622",0,0.840928297312444
"X623",0.0114977469854372,343.796988523276
"X624",0,0.307701412925926
"X625",-5.53555983889252e-05,13.1115109436308
"X626",0.000320833473192422,23.174745269978
"X627",0.0174005544235516,1549.14402868974
"X628",0,0.515609834348362
"X629",0,1.47181997386509
"X632",0,0.14284149221873
"X633",0,0.0210384769091722
"X634",0,0.227737818123135
"X642",-7.88584668857573e-07,1.49107573723868
"X644",4.01265072944514e-05,1.89429223311619
"X646",2.38813044461375e-07,0.137430336033002
"X647",-1.30436337300018e-05,0.527134331081365
"X648",-7.53137056294456e-05,9.94294322655287
"X649",4.51300525980709e-06,0.396795464084718
"X652",0,1.57552930832226
"X654",0,1.24928065265347
"X666",0.000124447464287549,11.0125531321801
"X670",0,1.13420554978236
"X674",0.000530004473182944,74.3450990930609
"X680",-0.0128830048827404,224.022670476095
"X681",0.0019586648358888,260.444692619263
"X682",0.0112900535843458,2860.29296062612
"X683",0,0.532030299678481
"X684",1.32993424720183e-05,0.418131095025282
"X685",4.60042483655479e-05,15.3280845359436
"X686",0.00777807419337065,221.379016956434
"X690",-0.000649946384949207,47.1162765743391
"X692",-0.0011555498466318,51.9654080861063
"X693",0.0164440872364301,1384.38946300428
"X694",-1.41889600687319e-05,5.87578579042337
"X695",0.00122749965618724,218.073360646093
"X696",-0.0118670823905213,252.543128079394
"X697",0,1.00479748990886
"X698",-0.0052209483748116,1176.01880395719
"X700",0,3.5448036687751
"X701",0.0403044143208796,930.149650492138
"X702",8.00712348714361e-05,12.4953341489016
"X703",0.00234704329767546,113.876669023638
"X704",0.000970622948997571,104.707061599773
"X705",-9.64411318448773e-05,37.33811870683
"X706",0.000234077703803476,11.9133344027248
"X707",0.422052445941997,9349.56415749793
"X708",-3.29719154386311e-05,21.789652854688
"X709",0.00551599249839201,626.329378144536
"X710",0.00626364927872997,346.020161382637
"X711",0.0090823868249607,618.037590806681
"X712",5.58656616887875e-05,20.7578886084089
"X713",-0.0039422963378022,188.120554868675
"X714",-0.0050402939848662,309.651335810013
"X715",-0.0249206453096199,736.969118937839
"X716",0.00431752177416218,166.075849084367
"X718",-0.00142952590313033,255.125144163283
"X719",-0.0602364331901351,1080.05212881248
"X720",0.00700732892989116,150.287163402854
"X721",0.00926827040299527,300.271307709747
"X722",-0.00755681680216764,525.249297246727
"X723",0.0230428077898342,588.209877577606
"X724",-0.0200184049729962,727.046251257667
"X725",0.000999403706916997,94.9647285393738
"X726",-0.0020144395727248,424.262858092751
"X727",-7.19256733490062e-05,20.0276015433521
"X728",0.0307634164335576,841.214516466094
"X729",-0.0034383967389272,1095.30651025571
"X730",0.0725637885834073,1697.45865782209
"X731",-0.00214113026032476,635.366466995477
"X732",0,7.89425062848907
"X733",-0.00430930874574999,741.934502970269
"X734",0,0.282979129200599
"X735",0.00288635549835488,153.790719870097
"X736",0.000768128905369286,202.702026335635
"X737",-0.00509725939815487,427.622384707409
"X738",-0.000391971849886193,119.662318476107
"X741",0.000213398929696588,17.7332824491906
"X742",-0.000317477105031635,32.0853394110369
"X745",0.0480740592868822,1139.6741457335
"X746",0.00301253934775672,205.156549288748
"X747",0.00258306305834322,158.700563579038
"X748",0.00131743750769835,397.053596022644
"X750",7.2486470779321e-05,8.66988847628048
"X751",-7.19160620660071e-07,8.83636547807049
"X752",5.43278153147024e-07,10.2420969307691
"X753",-0.0011085821130452,141.743763004143
"X754",0,8.31042069645796
"X755",-3.18925575384657e-05,9.08154083229906
"X756",-0.000465304829267497,62.7804646968939
"X757",0,3.81281837440869
"X758",0.0100948514152995,707.865060105743
"X759",-0.000236534589319922,274.175130356253
"X765",0,1.34309658672027
"X766",0,1.39378952741746
"X770",0,1.29145919307072
"X774",0,1.00509513742815
"X775",0,1.30957098986422
"X780",0.0306043442684029,3905.94713087124
"X781",-0.00608115488715935,601.141978324784
"X782",0.0149057621386272,932.578139562747
"X783",0.0688489968496717,903.918870309701
"X784",0.0541078839402394,611.857897352158
"X785",0.524130636503167,8048.04582225867
"X786",0.0327235582072977,2189.92415341257
"X787",-0.0274379886619133,1639.17659160686
"X788",-0.0243884053906896,970.139051462152
"X789",0.04226251787416,2112.15787501927
"X790",0.131834119150362,4003.84084018062
"X791",-0.00208753574516293,253.349902271312
"X792",0.0161678056503058,248.352307783575
"X793",-0.00900545898356789,220.194226431617
"X794",0.011928642053779,553.419273290668
"X795",0.00474495202943694,506.118364909371
"X796",-0.000966199484795083,52.7002417999321
"X799",0.0313933582336643,1214.93554594157
"X800",-0.00252324801498089,51.201340858289
"X801",0.00679944330848845,174.397920079282
"X802",0.00398990704239913,189.330881009916
"X803",-8.19592604495961e-05,2.45921852153648
"X804",-1.14259202298807e-05,5.0530553526251
"X805",0.0327984350873585,576.65091411716
"X806",0.0102741479987116,232.534100187517
"X807",0.0256332072474609,568.565241598808
"X808",0.00552071905116188,215.897311132189
"X810",0.000248899711658914,29.0385388872979
"X811",0.00132939718778586,42.198633298206
"X812",0.00396389109049568,190.2285059168
"X813",0.00576514691874853,294.258989281868
"X814",0.000129152441961263,16.8022196758192
"X815",-0.00336461160021537,119.347874573317
"X816",-0.00123019932758989,40.0292199388166
"X817",0,9.36194644424681
"X820",-0.00483333265202696,412.281422208421
"X821",0.0102680855534343,313.594056061966
"X822",-0.000180373348497746,26.5656615897726
"X823",0.0145597263687729,482.794188175514
"X824",-0.000371223109927034,258.665743854316
"X825",0.000350006057692638,84.2660716056389
"X826",-1.8281165950292e-05,3.19852774323543
"X830",0,0.958758613478849
"X831",-0.00268195448059689,254.226110396065
"X833",0.000185711280847046,49.6111411169886
"X834",-0.00146417192793509,80.8584585020275
"X835",0,1.71039911449919
"X836",-6.63666773959275e-05,2.34387853130311
"X839",0.000364882122289441,17.6361927802811
"X840",-0.000109865146925881,8.32453892815909
"X842",-0.00284576288937906,74.5023541224567
"X845",3.74057327455169e-05,3.27699150632089
"X846",0,38.5510960306878
"X847",2.99442198811248e-05,4.98451873434365
"X850",-0.000314477806534649,15.0317767275495
"X851",-0.000178137546398111,78.4860391277362
"X852",0.0181465083124809,465.617436707155
"X853",-0.00116909801068063,89.6056582016069
"X854",0,1.27940502735663
"X860",0.00128969964966966,95.965959724623
"X861",0.00817227056583115,248.442858584745
"X862",0.00346893576579424,239.079482870142
"X863",0.0157420649681478,428.432324378591
"X864",0.000348704540748504,55.0450199859491
"X865",-0.00479007411480312,298.839093769213
"X866",-0.00103527282191702,98.9932100493622
"X867",0.00202359380630959,325.812883469205
"X868",-0.000691549774987453,123.298717081234
"X869",0,3.86494298473565
"X870",0.00101558304003682,94.5176152436196
"X872",-1.71225332038687e-06,1.77857168746124
"X873",0.00127221354811852,241.71862064055
"X874",-0.00730016521236334,422.267580991328
"X875",2.57697097610384e-07,0.300869012378464
"X879",-0.000269616344343347,46.5335838757076
"X880",-0.000144771067248944,5.19410300583933
"X881",-0.00133116845898523,114.045535415801
"X882",0.0122603314061303,241.437260236154
"X883",5.34558878199893e-06,2.61264941084734
"X884",0,0.669184483966991
"X886",0,0.0891913674790327
"X887",0,0.838636782593307
"X890",5.70045820041871e-05,6.03208328313439
"X891",0.000373748503589331,73.3032580049418
"X892",2.98250061094278e-07,4.03107174513073
"X893",-2.47734260959531e-06,1.8290282175503
"X894",0,1.00361506654091
"X896",0,0.465115843634218
"X897",0,6.44702339725233
"X900",0.000391137614486237,7.37367374809749
"X901",0.00317034818418276,397.277687691259
"X902",4.03130283511238e-05,23.6930199168772
"X903",0.00165752325458794,96.1316829323241
"X904",0.00029749049126405,7.00490172904355
"X905",0.00507723554930524,212.997397651226
"X906",0.000589089778873083,43.9802585323306
"X907",0.000607820251135944,139.784314665928
"X908",0.00235642655023498,163.516945058354
"X909",0.000967579134348724,43.1480921340251
"X910",0.00294151853795709,186.526309544754
"X911",9.75032086732159e-06,1.03913707713198
"X912",-9.1515737012459e-05,8.14901280228066
"X913",-0.000172596121524974,9.20229752447403
"X914",0,18.1561729983123
"X916",-7.82363168775377e-05,8.40868472790226
"X917",-1.21243997920364e-06,5.93340385546117
"X918",0.00337046262288245,118.423391156267
"X919",-0.00017723757660025,5.86986051183005
"X920",0.00110323082259894,51.5397537146785
"X921",0.000149303157504298,9.57665044022237
"X922",-0.0002113382156576,39.0724012860406
"X923",-0.000115441969706141,8.05822676138829
"X924",0.00877927067536519,282.615379669466
"X926",0,42.2707212038147
"X927",0,0.818687857218413
"X933",0.0304768009532146,1449.26957497982
"X934",0.125402475925799,1933.13162140335
"X935",-0.00125963239855105,47.1684757786102
"X936",0,1.8263876320312
"X937",0,0.497058536733379
"X939",0,6.41799678134234
"X941",0,2.3873138944195
"X942",0,2.74001089773177
"X944",-5.6662542634368e-07,1.29522634026567
"X945",0,2.26945926788432
"X947",0,1.98976574479664
"X948",4.75519835536029e-08,7.29882955768642
"X950",0,0.153153747127843
"X951",0,1.2499164550334
"X952",-8.46635871445168e-05,41.6451241249559
"X953",0,4.04242567360163
"X954",0,9.2451743214668
"X955",-1.2250847614305e-05,2.11963641132591
"X956",0,0.970905567252876
"X958",0.00930007244521774,1170.06954172852
"X959",-0.000872522267110621,523.238102034183
"X961",0,2.97093778538463
"X962",0.0116742482412605,178.144162034456
"X964",-0.00105787642595551,148.742927707114
"X965",-0.00128317902870537,200.203012272764
"X966",1.76908307543529e-05,3.96916923413509
"X967",0.00237639820520585,188.213198994902
"X968",2.37130840494666e-06,0.512188453141817
"X969",0.00094504015963311,59.4109397369952
"X970",-0.00162672636700175,41.28230528646
"X971",-6.47449915532665e-05,36.7089946334537
"X972",0.000366956226372481,14.141798195638
"X974",0,0.931747747585164
"X975",0,0.409857084205644
"X977",0,0.752271181904671
"X983",0,0.301314841130585
"X987",0.000101361189282838,12.9013687482534
"X989",0,1.3120916674304
"X990",0,1.42700458524311
"X991",-0.000283201451055263,42.7095743618168
"X992",0,0.263975040803028
"X994",-7.08637639995658e-05,1.75937976319196
"X995",1.50031161074479,10503.5753122289
"X996",0.812853356389114,10226.8050165078
"X997",0.900817725475134,7168.65784760687
"X998",0.447939367230878,6121.2419544959
"X999",0.25930014842201,5422.11554523982
"E812",0.000156052281077023,228.920932733012
"E813",7.77352048364409e-05,1.24225834647005
"E814",0.00312322305626844,69.9574810855346
"E815",0.00485731849595454,208.891984428969
"E816",0.00482103460188426,134.861860742806
"E817",-4.32862737698741e-06,0.674047197507622
"E818",4.49469218565588e-05,32.4035085421125
"E819",0.000198140563232155,46.1818409128072
"E821",0,40.4258879380711
"E822",0,0.349349308955252
"E823",0.00138792538405867,118.729389221581
"E824",-0.000116947679273451,3.29019468400487
"E825",-0.00210365372856346,76.8080479330976
"E826",-0.000156794503973088,6.0775343367961
"E838",0,0.212047533911471
"E848",0,0.47833376104387
"E849",-0.00583495201722037,1323.41124140314
"E850",0.00194859442044418,140.415668546925
"E851",0,0.246069976959482
"E852",0.000185296852643712,181.169223549705
"E853",0.000203082243975991,100.900001844909
"E854",0.000679083783798716,69.6341241710478
"E855",-0.000114801484086909,19.908101503223
"E857",0,0.587354124368466
"E858",-0.00898887476875675,150.711879908127
"E866",-0.00200001180532459,194.792447365553
"E869",0,8.86323928492683
"E870",0.00368671367849545,532.480468463101
"E871",-8.15337795591723e-05,15.7952226627098
"E874",0,0.493416302313974
"E876",-0.00481019586715518,305.223688573562
"E878",0.103892835135808,1922.84961788668
"E879",0.0513759472879833,2979.38502283035
"E880",0.00440298752790676,294.264202775815
"E881",-0.000270919988965356,23.3003723451399
"E882",0.000576947906558768,13.9105537332199
"E884",-0.014164590403569,479.278846744701
"E885",-0.0109222771567641,437.659991792446
"E887",-0.000292514330501445,17.4235692686212
"E888",0.00717445283180754,520.265262628864
"E890",0,0.149508611218087
"E899",3.54305035993609e-05,3.87188297498407
"E900",0,0.496404974138011
"E901",-0.000102730179246746,13.0187153890413
"E906",0.000414971495558795,24.3742889369772
"E910",-8.11497805248833e-06,0.978282411158965
"E911",0.000190398961933329,8.97082299024999
"E912",0.104874515720832,1467.9190623654
"E915",-0.0153441046664044,545.519191510459
"E916",0,8.61954507272583
"E917",0.000114554396348853,18.8872760717513
"E918",0,1.03903826044468
"E920",-0.0012703213562929,83.8924099141125
"E922",0,0.152969411748425
"E924",1.41621222687197e-06,2.27678299206025
"E927",-0.00136811515486441,140.21359632219
"E928",-0.0102367473993658,529.098494781743
"E929",0.00165732902294224,484.190809552149
"E930",0.0390079436775055,1791.65744708551
"E931",0.0233154303090923,419.936029266747
"E932",-0.0861302200746089,2018.92190964835
"E933",-0.000693453493584162,466.6999636804
"E934",0.0279731118400901,1837.47470122002
"E935",0.00855267875516904,346.043316187902
"E936",0.0141884662715437,343.993171505972
"E937",-0.00559543660574289,216.356544127765
"E938",-0.000688799310154639,60.2127030149701
"E939",0.00588180948522677,280.452289834442
"E940",-5.14770694267015e-05,2.13205529095574
"E941",0.00379358881766908,219.387792163115
"E942",-0.00530369773408377,302.230283885891
"E943",6.81974279235175e-05,29.8540874075741
"E944",0.015347208930719,425.391991828539
"E945",0.000363655091474076,29.7209958802201
"E946",4.17316786314449e-05,4.46073701316964
"E947",-0.000138595756279831,711.466450868587
"E950",0.000473081089234021,33.8700383634494
"E953",7.60749053066285e-07,1.22264890678755
"E955",0,0.120756845049809
"E956",4.87141113192517e-05,1.34615779293393
"E957",0.000111436308042081,7.54822717014077
"E958",-6.23112404856039e-05,2.08249194829396
"E960",-0.000439205850427985,13.0555501143759
"E965",0,1.90652353258562
"E966",0,0.14754820068727
"E967",0.000218610583609153,33.7144427071718
"E968",0.000103067596378255,4.95304709310512
"E969",1.17123891540037e-05,1.04941867200905
"E980",-0.00207156727909732,63.271798172036
"E988",0,3.52124590522509
"E989",0,193.867242867702
"V01",-0.000591886768319451,19.9912408741392
"V02",0.0410101600559453,1743.19629397355
"V03",4.35075451102733e-05,3.97327032682603
"V04",3.1897154770472e-05,4.36675105846354
"V05",0,0.387414016827922
"V06",0,3.96842330782303
"V07",0.00299876916927106,47.6141153811536
"V08",0.00521616379774654,100.422446435858
"V09",0.697316279201726,7828.09611580326
"V10",0.038829521578052,1221.4487972952
"V11",-8.34665195609215e-06,153.900822003367
"V12",0.00761143611546147,1246.42502122226
"V13",-0.0288550385555889,863.371549544319
"V14",-0.000666577524052,65.8528380058532
"V15",0.00196137838138073,1270.34882345714
"V16",-0.0125546990999097,205.880408770434
"V17",0.00849539850424028,900.850461145021
"V18",-0.0057635989788452,583.752185612605
"V19",0,0.18633346383591
"V23",0,0.07604062517994
"V26",0.00069600206391819,119.737320498924
"V27",-3.10907284322799e-06,1.71545392378086
"V29",0,1.14754266874427
"V30",0,1.36209492094772
"V42",-0.0410291057517908,2226.0517905722
"V43",-0.0583295203921662,1413.63116527168
"V44",1.15538223840466,13496.0879620886
"V45",-0.0879242998668594,1615.62522007303
"V46",0.116121378482426,6452.62873720674
"V49",-0.00879896495748483,1344.51420086456
"V50",0,0.347802923229436
"V53",0.0342031401935734,869.733025801005
"V54",0.000437185405071966,204.801812401275
"V55",0.530571526249137,9433.34909248124
"V56",0.000847378273823186,117.364844169463
"V58",0.0389673778309424,2675.08263011679
"V60",-0.00114113052190316,77.3000583426533
"V61",0,0.82910361598362
"V62",0.00308008998951956,184.179155215054
"V63",0.000111552188017757,23.5875409212299
"V64",0.00659821069348168,651.620153571742
"V65",-0.00300912928925709,74.7415539519422
"V66",0.0159643581027747,699.511028625594
"V69",1.59605403368551e-05,1.5442472875623
"V70",-0.00267956765102821,260.591437329972
"V72",0,0.510248326246488
"V74",0,0.136159842464238
"V76",0,49.4275656539149
"DEAD",0.249738477583051,4117.55977488581
"ASIAN",-0.0066789301872526,368.253267069688
"WHITE",0.0552058248899993,1637.15053947713
"UNKNOWN.NOT.SPECIFIED",0.010701128178963,1211.46512921527
"BLACK.AFRICAN.AMERICAN",0.0145639067259529,1993.43535609047
"PATIENT.DECLINED.TO.ANSWER",0.00363681228554457,139.799535986971
"OTHER",0.0052208483487294,515.450321245017
"HISPANIC.OR.LATINO",-0.00415352097250082,303.387594243455
"HISPANIC.LATINO...GUATEMALAN",-0.000125435999914222,5.44729996923718
"ASIAN...CHINESE",-0.00188464928932486,99.1583965165534
"HISPANIC.LATINO...PUERTO.RICAN",8.1033477751658e-05,121.006610634795
"ASIAN...ASIAN.INDIAN",0.000570064278129003,593.366204818753
"ASIAN...VIETNAMESE",-1.43399711526359e-05,16.2191091716056
"MULTI.RACE.ETHNICITY",-0.000347702621190963,24.7851180343258
"HISPANIC.LATINO...DOMINICAN",-0.000185189895935304,23.6633909682927
"AMERICAN.INDIAN.ALASKA.NATIVE",-0.00101983396312675,113.259930845426
"WHITE...RUSSIAN",8.6996905933879e-05,91.3093159460871
"BLACK.AFRICAN",-6.20185686361879e-05,12.8524688397541
"HISPANIC.LATINO...SALVADORAN",-0.000309636838074417,10.6921151990711
"UNABLE.TO.OBTAIN",-0.0016684646575382,330.697301105563
"BLACK.CAPE.VERDEAN",-0.000538308703605903,154.304463987775
"BLACK.HAITIAN",-0.00158595409199171,67.4095997358727
"WHITE...OTHER.EUROPEAN",-0.00150985776566059,221.681987523112
"PORTUGUESE",-0.000182087155668819,60.7306689743891
"ASIAN...CAMBODIAN",5.99195306802722e-06,5.50615802828817
"SOUTH.AMERICAN",-3.81957260815858e-05,4.0978425253627
"WHITE...EASTERN.EUROPEAN",0,1.14940241992794
"ASIAN...FILIPINO",-4.19162502274909e-05,4.69669742223278
"CARIBBEAN.ISLAND",0,2.91600411578307
"ASIAN...KOREAN",0,0.0186699613218597
"HISPANIC.LATINO...COLOMBIAN",0,0
"WHITE...BRAZILIAN",-0.000953901568101591,60.1878909637754
"NATIVE.HAWAIIAN.OR.OTHER.PACIFIC.ISLANDER",-0.000116459293364649,0.337088433898957
"HISPANIC.LATINO...CENTRAL.AMERICAN..OTHER.",-1.42113840586784e-06,2.55163035242981
"ASIAN...JAPANESE",0,0.241500584612174
"ASIAN...THAI",0,0.00378957357354716
"HISPANIC.LATINO...HONDURAN",0,0
"HISPANIC.LATINO...CUBAN",0.0003585214421575,23.1274129919362
"MIDDLE.EASTERN",3.8851872006022e-05,18.509736476692
"ASIAN...OTHER",0.00140895223637941,61.7687213086775
"HISPANIC.LATINO...MEXICAN",0,1.12835131311911
"AMERICAN.INDIAN.ALASKA.NATIVE.FEDERALLY.RECOGNIZED.TRIBE",0,0
